protocol,metric,direction,suffix3_3651_percent,suffix3_500_percent,delta_vs_suffix3_500_pp,clean3651_percent,delta_vs_clean3651_pp,full3651_percent,delta_vs_full3651_pp,historical_clean3651_percent,delta_vs_historical_clean3651_pp,historical_full3651_percent,delta_vs_historical_full3651_pp
coco,R@1,I2T,60.68,59.940000000000005,0.7399999999999962,61.28,-0.6000000000000005,59.38,1.3000000000000012,61.339999999999996,-0.6599999999999939,59.419999999999995,1.2600000000000056
coco,R@1,T2I,41.699999999999996,41.14,0.5599999999999994,42.3,-0.6000000000000005,40.256,1.4440000000000008,42.272,-0.5720000000000003,40.296,1.4039999999999997
coco,R@5,I2T,82.8,82.1,0.7000000000000006,83.22,-0.42000000000000925,81.44,1.3599999999999945,83.34,-0.5400000000000071,81.52000000000001,1.2799999999999923
coco,R@5,T2I,67.10000000000001,66.392,0.7080000000000086,67.756,-0.656000000000001,65.564,1.536000000000004,67.764,-0.6639999999999979,65.57600000000001,1.5240000000000031
coco,R@10,I2T,89.25999999999999,89.03999999999999,0.21999999999999797,89.62,-0.36000000000000476,88.9,0.35999999999999366,89.48,-0.22000000000000908,88.74,0.5199999999999982
coco,R@10,T2I,76.708,76.29599999999999,0.41200000000000125,77.332,-0.6240000000000023,75.276,1.432,77.38000000000001,-0.6720000000000059,75.29599999999999,1.4120000000000021
urban,R@1,I2T,91.40000343322754,88.90000581741333,2.499997615814209,91.70000553131104,-0.3000020980834961,91.80000424385071,-0.40000081062316895,91.40000343322754,0.0,91.80000424385071,-0.40000081062316895
urban,R@1,T2I,90.30000567436218,87.40000128746033,2.9000043869018555,89.70000147819519,0.6000041961669922,90.6000018119812,-0.29999613761901855,89.50000405311584,0.8000016212463379,90.70000648498535,-0.40000081062316895
urban,R@5,I2T,98.7000048160553,97.80000448226929,0.9000003337860107,98.50000739097595,0.1999974250793457,98.7000048160553,0.0,98.4000027179718,0.3000020980834961,98.60000610351562,0.09999871253967285
urban,R@5,T2I,98.30000400543213,98.00000190734863,0.3000020980834961,97.80000448226929,0.4999995231628418,98.60000610351562,-0.3000020980834961,97.80000448226929,0.4999995231628418,98.30000400543213,0.0
urban,R@10,I2T,99.50000643730164,99.40000176429749,0.10000467300415039,99.50000643730164,0.0,99.20000433921814,0.3000020980834961,99.40000176429749,0.10000467300415039,99.20000433921814,0.3000020980834961
urban,R@10,T2I,99.0000069141388,99.20000433921814,-0.1999974250793457,98.90000224113464,0.10000467300415039,99.10000562667847,-0.09999871253967285,98.90000224113464,0.10000467300415039,99.10000562667847,-0.09999871253967285
flickr_test1k,R@1,I2T,87.6,86.2,1.4000000000000012,88.5,-0.9000000000000008,86.8,0.8000000000000007,88.7,-1.100000000000001,86.9,0.7000000000000006
flickr_test1k,R@1,T2I,71.64,70.72,0.9199999999999986,71.89999999999999,-0.25999999999999357,70.12,1.5199999999999991,71.96000000000001,-0.31999999999999806,70.19999999999999,1.440000000000008
flickr_test1k,R@5,I2T,98.5,97.39999999999999,1.100000000000001,98.7,-0.20000000000000018,98.1,0.40000000000000036,98.8,-0.30000000000000027,98.1,0.40000000000000036
flickr_test1k,R@5,T2I,90.92,90.64,0.28000000000000247,91.03999999999999,-0.11999999999999789,90.56,0.36000000000000476,91.16,-0.23999999999999577,90.62,0.30000000000000027
flickr_test1k,R@10,I2T,99.3,99.0,0.30000000000000027,99.3,0.0,99.4,-0.10000000000000009,99.3,0.0,99.3,0.0
flickr_test1k,R@10,T2I,95.1,94.94,0.15999999999999348,95.3,-0.20000000000000018,94.67999999999999,0.41999999999999815,95.26,-0.16000000000000458,94.72,0.37999999999999146
docci,R@1,I2T,78.3,75.44,2.860000000000007,78.25999999999999,0.0400000000000067,77.60000000000001,0.7000000000000006,78.14,0.16000000000000458,77.66,0.6400000000000072
docci,R@1,T2I,79.28,75.68,3.599999999999992,78.86,0.41999999999999815,78.5,0.7799999999999918,78.92,0.35999999999999366,78.44,0.8399999999999963
docci,R@5,I2T,95.34,94.28,1.0600000000000054,94.98,0.36000000000000476,95.56,-0.21999999999999797,95.12,0.21999999999999797,95.54,-0.20000000000000018
docci,R@5,T2I,95.46,94.19999999999999,1.2600000000000056,95.1,0.36000000000000476,95.34,0.11999999999999789,95.17999999999999,0.28000000000000247,95.34,0.11999999999999789
docci,R@10,I2T,98.16,97.56,0.6000000000000005,98.08,0.08000000000000229,98.14,0.019999999999997797,98.1,0.060000000000004494,98.1,0.060000000000004494
docci,R@10,T2I,97.89999999999999,97.32,0.5800000000000027,97.72,0.18000000000000238,98.0,-0.10000000000000009,97.72,0.18000000000000238,98.0,-0.10000000000000009
dci,R@1,I2T,49.942344650864825,48.73798846893017,1.204356181934657,50.0832799487508,-0.1409352978859746,49.26329276105061,0.6790518898142195,50.03203074951954,-0.08968609865471211,49.26329276105061,0.6790518898142195
dci,R@1,T2I,49.55797565663037,48.03331197950032,1.5246636771300448,48.9301729660474,0.6278026905829626,49.327354260089685,0.23062139654068115,49.058295964125556,0.49967969250480637,49.26329276105061,0.29468289557975647
dci,R@5,I2T,70.83920563741192,68.94298526585521,1.8962203715567005,70.54452274183217,0.29468289557975647,70.416399743754,0.4228058936579182,70.64702114029468,0.1921844971172315,70.45483664317746,0.384368994234463
dci,R@5,T2I,70.00640614990391,68.87892376681614,1.1274823830877634,69.72453555413198,0.28187059577193807,70.14734144778988,-0.14093529788596904,69.86547085201794,0.14093529788596904,70.09609224855862,-0.08968609865470656
dci,R@10,I2T,78.07815502882768,76.27162075592568,1.806534272901994,77.6937860345932,0.3843689942344741,77.71941063420884,0.35874439461883734,77.60409993593849,0.4740550928891807,77.73222293401666,0.34593209481101894
dci,R@10,T2I,76.82254964766176,75.70787956438181,1.114670083279945,76.3613068545804,0.4612427930813512,76.80973734785394,0.012812299807818395,76.33568225496477,0.486867392696988,76.78411274823831,0.03843689942344408
long_dci,R@1,I2T,58.74769797421732,55.95895816890292,2.7887398053143997,58.36621941594318,0.3814785582741398,57.69534333070244,1.0523546435148745,58.47145488029466,0.2762430939226568,57.721652196790316,1.0260457774269982
long_dci,R@1,T2I,59.81320705077611,55.643251775848455,4.16995527492765,58.60299921073402,1.210207840042088,60.19468560905025,-0.3814785582741398,58.668771375953696,1.1444356748224083,60.11575901078664,-0.3025519600105331
long_dci,R@5,I2T,77.34806629834254,75.11181268087346,2.236253617469086,76.8218889765851,0.5261773217574373,76.76927124440937,0.5787950539331788,76.94027887398053,0.4077874243620161,76.88766114180478,0.4604051565377576
long_dci,R@5,T2I,77.63746382530913,75.82215206524599,1.815311760063143,76.95343330702447,0.6840305182846618,78.18995001315443,-0.5524861878453025,76.83504340962905,0.8024204156800829,78.20310444619837,-0.5656406208892406
long_dci,R@10,I2T,83.10970797158642,81.47855827413838,1.6311496974480422,82.78084714548804,0.3288608260983872,82.67561168113654,0.4340962904498813,82.75453827940015,0.3551696921862635,82.67561168113654,0.4340962904498813
long_dci,R@10,T2I,83.04393580636675,81.34701394369903,1.6969218626677107,82.2546698237306,0.7892659826361448,83.34648776637727,-0.302551960010522,82.37305972112601,0.6708760852407236,83.32017890028939,-0.2762430939226568
