trial_id,fusion_lr,visual_mask_lr_scale,view_weights,sparsity_scale,inclusion_max,Score5_R1,J_long3,J_long,checkpoint_sha256,reused
2ea4a3ae907a389570228424703e4d0cad03a55aba6650d7f4023d95ab38c3f6,0.0002,1.0,"[1.0,1.0,1.0]",1.0,1.5,0.7026520205437525,0.737753367572921,0.8257500197887421,a576c5ae2f28411113055fd298c03bc2dc5afa40ff176bf92085fb1d7c7b723b,False
6d44ae8d5c34438e672287b09f3e6930af01473a4aa4905cd90c02c259b2a4a8,0.0002,1.0,"[1.0,1.0,1.0]",1.0,1.0,0.6999002652589216,0.7373471087648692,0.824450023841858,8bd6517c4b8d04b31e40bb4e12825cea08ac390027f44f331036739ef456831c,False
d6542aae963d28f7911ef64900477434c9cc7c1303b7b0e59326c2b736bb4b70,0.0002,1.0,"[1.0,1.0,1.0]",1.0,0.5,0.6990675597243505,0.7361059328739176,0.8229500069141388,1a549417ff287ccd4e5fafb4872574fc2a03079db2b78449a5e16c810181fbc9,False
a72ea0fb10cb4ea602d67deae9c0dcede0bc81399c872fdd2e7949a85fe3b12e,0.0002,1.0,"[1.0,1.0,1.0]",1.25,1.0,0.6988874554226832,0.7344790923711386,0.8224500250339508,69607e7d67a052a89ca35f435c916f6e8fb1cd7605b7713f8820723c27b98bbb,False
50cd96066da8a7089d742807e128e7aa96e4366088d014840f143433aeacc6c1,0.0002,1.0,"[2.0,1.0,1.0]",1.0,1.0,0.6988752903083103,0.7356721505138505,0.8247000174045562,65024b4265e71c23e004cec97364ec7dc02723e0b066506436cfc7c378f58508,False
a009f49f814ae09adef53d669145b3c9cb187dc9794b2ee3e7f24adc65324aae,0.0001,1.0,"[1.0,1.0,1.0]",1.0,1.0,0.6985829419921749,0.7360182366536248,0.8229500069141388,c09e13d6d636c69491914643db81d8270b90d1c85ef0729513d240c4b108293d,True
61afe6117bae773a4e8d794d0c45a0b4620691e2466bd2910812fa51877dc21c,0.0002,0.5,"[1.0,1.0,1.0]",1.0,1.0,0.6981462988915558,0.7339571648192597,0.8217000197887421,1e5ea96ee7395b0f1b6a01f7dcbb9ed78f1f4230e68f3d3a09927b196c529396,False
e4724e65e6a413f13f56cdbf424bab00ea5e8c5d556f4e9eeca6ceea4e08b032,0.0002,1.0,"[1.0,1.0,1.0]",0.75,1.0,0.6974488542371101,0.7346280903951835,0.8219500282526017,61c3ab5b58fb2d34904eeafa295f37990b49b0b738e2438b3c2cbb898963d6bb,False
d16d3af78e46084c655a132fd64253bbef596776b6c056555aa1335aec6d240b,5e-05,1.0,"[1.0,1.0,1.0]",1.0,1.0,0.6969825658425977,0.7331242764043294,0.8229500294446945,cc236352c39e4c4e9760cba735a4c847c9b10eb3a59842132b7677aa6c4db66b,False
dcdf2119cb11bb8cb5df6db435555ef9cce3a440c3d0ceda2f698bd8cb6bdf18,0.0002,1.0,"[1.0,1.0,1.5]",1.0,1.0,0.6955016829236775,0.7325694715394625,0.8197500241994857,e5d455ea5bbc69f22df7cf2460e8d942fc388aa83f38f1c952ccbeb491b0d005,False
ffb3402cbb33ce4540074147106c8b66471da4abc154862e3568bbc3270bf303,0.0002,2.0,"[1.0,1.0,1.0]",1.0,1.0,0.693326157300516,0.7291902621675268,0.818200020980835,613a7051c05f3f68e43375c44da34b7c9b8cd55cc36e35716023e372ac242c01,False
