protocol,metric,direction,suffix3_sparse0_percent,s0_percent,delta_vs_s0_pp,clean_percent,delta_vs_clean_pp,full_percent,delta_vs_full_pp,suffix1_sparse2_percent,delta_vs_suffix1_sparse2_pp
coco,R@1,I2T,59.940000000000005,60.18,-0.23999999999999488,60.540000000000006,-0.6000000000000014,58.78,1.1600000000000037,60.62,-0.6799999999999926
coco,R@1,T2I,41.14,41.24,-0.10000000000000142,41.464,-0.32399999999999807,40.216,0.9239999999999995,41.42,-0.28000000000000114
coco,R@5,I2T,82.1,82.6,-0.5,82.48,-0.38000000000000966,81.54,0.5599999999999881,82.5,-0.4000000000000057
coco,R@5,T2I,66.392,67.084,-0.6920000000000073,66.672,-0.28000000000000114,65.764,0.6280000000000001,66.756,-0.3640000000000043
coco,R@10,I2T,89.03999999999999,88.92,0.11999999999999034,89.18,-0.14000000000001478,88.5,0.539999999999992,89.12,-0.0800000000000125
coco,R@10,T2I,76.29599999999999,76.64800000000001,-0.3520000000000181,76.55199999999999,-0.2560000000000002,75.62,0.6759999999999877,76.716,-0.4200000000000017
urban,R@1,I2T,88.90000581741333,86.70000433921814,2.2000014781951904,88.20000290870667,0.700002908706665,88.40000629425049,0.4999995231628418,88.00000548362732,0.9000003337860107
urban,R@1,T2I,87.40000128746033,83.60000252723694,3.7999987602233887,85.80000400543213,1.5999972820281982,87.8000020980835,-0.40000081062316895,86.2000048160553,1.1999964714050293
urban,R@5,I2T,97.80000448226929,97.30000495910645,0.4999995231628418,97.50000238418579,0.3000020980834961,97.90000319480896,-0.09999871253967285,97.50000238418579,0.3000020980834961
urban,R@5,T2I,98.00000190734863,96.20000720024109,1.799994707107544,97.50000238418579,0.4999995231628418,98.00000190734863,0.0,97.40000367164612,0.5999982357025146
urban,R@10,I2T,99.40000176429749,98.7000048160553,0.6999969482421875,99.20000433921814,0.1999974250793457,99.30000305175781,0.09999871253967285,99.10000562667847,0.29999613761901855
urban,R@10,T2I,99.20000433921814,98.20000529289246,0.9999990463256836,99.10000562667847,0.09999871253967285,99.10000562667847,0.09999871253967285,99.0000069141388,0.1999974250793457
flickr_test1k,R@1,I2T,86.2,87.6,-1.3999999999999915,86.4,-0.20000000000000284,85.39999999999999,0.8000000000000114,86.7,-0.5
flickr_test1k,R@1,T2I,70.72,72.08,-1.3599999999999994,71.52,-0.7999999999999972,69.6,1.1200000000000045,71.48,-0.7600000000000051
flickr_test1k,R@5,I2T,97.39999999999999,98.1,-0.7000000000000028,97.7,-0.30000000000001137,97.3,0.09999999999999432,97.5,-0.10000000000000853
flickr_test1k,R@5,T2I,90.64,91.14,-0.5,90.94,-0.29999999999999716,90.24,0.4000000000000057,91.08000000000001,-0.44000000000001194
flickr_test1k,R@10,I2T,99.0,99.2,-0.20000000000000284,98.9,0.09999999999999432,98.7,0.29999999999999716,99.0,0.0
flickr_test1k,R@10,T2I,94.94,95.24000000000001,-0.30000000000001137,95.14,-0.20000000000000284,94.34,0.5999999999999943,94.96,-0.01999999999999602
docci,R@1,I2T,75.44,74.56,0.8799999999999955,75.5,-0.060000000000002274,74.86,0.5799999999999983,75.72,-0.28000000000000114
docci,R@1,T2I,75.68,73.1,2.5800000000000125,75.02,0.6600000000000108,75.28,0.4000000000000057,74.78,0.9000000000000057
docci,R@5,I2T,94.28,93.94,0.3400000000000034,94.12,0.1599999999999966,94.17999999999999,0.10000000000000853,94.26,0.01999999999999602
docci,R@5,T2I,94.19999999999999,93.17999999999999,1.019999999999996,94.04,0.15999999999998238,94.16,0.03999999999999204,93.82000000000001,0.37999999999998124
docci,R@10,I2T,97.56,97.32,0.2400000000000091,97.61999999999999,-0.05999999999998806,97.3,0.2600000000000051,97.64,-0.0799999999999983
docci,R@10,T2I,97.32,96.5,0.8199999999999932,97.04,0.2799999999999869,97.16,0.1599999999999966,96.86,0.45999999999999375
dci,R@1,I2T,48.73798846893017,46.88020499679693,1.8577834721332422,48.187059577194105,0.5509288917360635,48.30237027546445,0.4356181934657215,48.16143497757848,0.5765534913516888
dci,R@1,T2I,48.03331197950032,46.39333760409994,1.639974375400378,47.17488789237668,0.8584240871236375,48.05893657911595,-0.02562459961563235,47.44394618834081,0.5893657911595085
dci,R@5,I2T,68.94298526585521,67.80269058295964,1.140294682895572,68.22549647661755,0.7174887892376631,69.25048046124279,-0.30749519538757397,68.5970531710442,0.34593209481101894
dci,R@5,T2I,68.87892376681614,67.35426008968611,1.524663677130036,68.55861627162075,0.3203074951953937,68.93017296604741,-0.0512491992312647,68.71236386931454,0.1665598975015996
dci,R@10,I2T,76.27162075592568,75.23382447149262,1.0377962844330568,75.69506726457399,0.5765534913516888,76.45099295323512,-0.17937219730943355,75.51569506726457,0.7559256886611081
dci,R@10,T2I,75.70787956438181,74.24727738629085,1.4606021780909657,75.208199871877,0.49967969250481303,75.98975016015375,-0.2818705957719345,75.51569506726457,0.19218449711723906
long_dci,R@1,I2T,55.95895816890292,51.3943699026572,4.564588266245714,54.65666929755327,1.3022888713496457,55.814259405419634,0.1446987634832837,54.209418574059455,1.749539594843462
long_dci,R@1,T2I,55.643251775848455,50.736648250460405,4.90660352538805,54.22257300710339,1.4206787687450628,56.24835569586951,-0.6051039200210582,54.2620363062352,1.3812154696132524
long_dci,R@5,I2T,75.11181268087346,71.02078400420942,4.091028676664038,74.0594580373586,1.0523546435148603,75.26966587740068,-0.15785319652722762,73.96737700605104,1.144435674822418
long_dci,R@5,T2I,75.82215206524599,70.81031307550644,5.011838989739545,74.00684030518285,1.815311760063139,76.00631412786109,-0.18416206261510126,73.92791370691924,1.8942383583267457
long_dci,R@10,I2T,81.47855827413838,77.78216258879243,3.696395685345948,80.43935806366746,1.0392002104709235,81.7416469350171,-0.2630886608787222,80.46566692975533,1.0128913443830498
long_dci,R@10,T2I,81.34701394369903,77.22967640094713,4.117337542751898,80.28150486714023,1.0655090765587971,81.61010260457773,-0.26308866087870797,80.33412259931598,1.0128913443830498
